[
  {
    "id": "AD",
    "code": 1,
    "lon": 2,
    "lat": 8,
    "label": "АДГ",
    "name_ru": "Адыгея",
    "county_ru": "Южный"
  },
  {
    "id": "GA",
    "code": 4,
    "lon": 12,
    "lat": 6,
    "label": "АЛТ",
    "name_ru": "Алтай",
    "county_ru": "Сибирский"
  },
  {
    "id": "ALT",
    "code": 22,
    "lon": 11,
    "lat": 5,
    "label": "АЛ.К.",
    "name_ru": "Алтайский край",
    "county_ru": "Сибирский"
  },
  {
    "id": "AMU",
    "code": 28,
    "lon": 14,
    "lat": 4,
    "label": "АМУ",
    "name_ru": "Амурская обл.",
    "county_ru": "Дальневосточный"
  },
  {
    "id": "ARK",
    "code": 29,
    "lon": 8,
    "lat": 1,
    "label": "АРХ",
    "name_ru": "Архангельская обл.",
    "county_ru": "Северо-Западный"
  },
  {
    "id": "AST",
    "code": 30,
    "lon": 5,
    "lat": 7,
    "label": "АСТ",
    "name_ru": "Астраханская обл.",
    "county_ru": "Южный"
  },
  {
    "id": "BA",
    "code": 2,
    "lon": 9,
    "lat": 4,
    "label": "БАШ",
    "name_ru": "Башкортостан",
    "county_ru": "Приволжский"
  },
  {
    "id": "BEL",
    "code": 31,
    "lon": 3,
    "lat": 6,
    "label": "БЕЛ",
    "name_ru": "Белгородская обл.",
    "county_ru": "Центральный"
  },
  {
    "id": "BRY",
    "code": 32,
    "lon": 2,
    "lat": 4,
    "label": "БРЯ",
    "name_ru": "Брянская обл.",
    "county_ru": "Центральный"
  },
  {
    "id": "BU",
    "code": 3,
    "lon": 13,
    "lat": 5,
    "label": "БУР",
    "name_ru": "Бурятия",
    "county_ru": "Дальневосточный"
  },
  {
    "id": "VLA",
    "code": 33,
    "lon": 6,
    "lat": 3,
    "label": "ВЛА",
    "name_ru": "Владимирская обл.",
    "county_ru": "Центральный"
  },
  {
    "id": "VGG",
    "code": 34,
    "lon": 5,
    "lat": 6,
    "label": "ВГГ",
    "name_ru": "Волгоградская обл.",
    "county_ru": "Южный"
  },
  {
    "id": "VLG",
    "code": 35,
    "lon": 5,
    "lat": 1,
    "label": "ВОЛ",
    "name_ru": "Вологодская обл.",
    "county_ru": "Северо-Западный"
  },
  {
    "id": "VOR",
    "code": 36,
    "lon": 4,
    "lat": 6,
    "label": "ВРЖ",
    "name_ru": "Воронежская обл.",
    "county_ru": "Центральный"
  },
  {
    "id": "DA",
    "code": 5,
    "lon": 7,
    "lat": 9,
    "label": "ДАГ",
    "name_ru": "Дагестан",
    "county_ru": "Северо-Кавказский"
  },
  {
    "id": "YEV",
    "code": 79,
    "lon": 15,
    "lat": 5,
    "label": "ЕАО",
    "name_ru": "Еврейская АО",
    "county_ru": "Дальневосточный"
  },
  {
    "id": "ZAB",
    "code": 75,
    "lon": 14,
    "lat": 5,
    "label": "ЗАБ",
    "name_ru": "Забайкальский край",
    "county_ru": "Дальневосточный"
  },
  {
    "id": "IVA",
    "code": 37,
    "lon": 6,
    "lat": 2,
    "label": "ИВА",
    "name_ru": "Ивановская обл.",
    "county_ru": "Центральный"
  },
  {
    "id": "IN",
    "code": 6,
    "lon": 5,
    "lat": 8,
    "label": "ИНГ",
    "name_ru": "Ингушетия",
    "county_ru": "Северо-Кавказский"
  },
  {
    "id": "IRK",
    "code": 38,
    "lon": 13,
    "lat": 4,
    "label": "ИРК",
    "name_ru": "Иркутская обл.",
    "county_ru": "Сибирский"
  },
  {
    "id": "KB",
    "code": 7,
    "lon": 4,
    "lat": 9,
    "label": "К-Б",
    "name_ru": "Кабардино-Балкария",
    "county_ru": "Северо-Кавказский"
  },
  {
    "id": "KGD",
    "code": 39,
    "lon": 0,
    "lat": 2,
    "label": "КЛН",
    "name_ru": "Калининградская обл.",
    "county_ru": "Северо-Западный"
  },
  {
    "id": "KL",
    "code": 8,
    "lon": 6,
    "lat": 8,
    "label": "КЛМ",
    "name_ru": "Калмыкия",
    "county_ru": "Южный"
  },
  {
    "id": "KLU",
    "code": 40,
    "lon": 3,
    "lat": 4,
    "label": "КЛЖ",
    "name_ru": "Калужская обл.",
    "county_ru": "Центральный"
  },
  {
    "id": "KAM",
    "code": 41,
    "lon": 16,
    "lat": 2,
    "label": "КАМ",
    "name_ru": "Камчатский край",
    "county_ru": "Дальневосточный"
  },
  {
    "id": "KC",
    "code": 9,
    "lon": 3,
    "lat": 9,
    "label": "К-Ч",
    "name_ru": "Карачаево-Черкесия",
    "county_ru": "Северо-Кавказский"
  },
  {
    "id": "KR",
    "code": 10,
    "lon": 5,
    "lat": 0,
    "label": "КАР",
    "name_ru": "Карелия",
    "county_ru": "Северо-Западный"
  },
  {
    "id": "KEM",
    "code": 42,
    "lon": 12,
    "lat": 4,
    "label": "КЕМ",
    "name_ru": "Кемеровская обл.",
    "county_ru": "Сибирский"
  },
  {
    "id": "KIR",
    "code": 43,
    "lon": 8,
    "lat": 2,
    "label": "КИР",
    "name_ru": "Кировская обл.",
    "county_ru": "Приволжский"
  },
  {
    "id": "KO",
    "code": 11,
    "lon": 9,
    "lat": 2,
    "label": "КОМ",
    "name_ru": "Коми",
    "county_ru": "Северо-Западный"
  },
  {
    "id": "KOS",
    "code": 44,
    "lon": 7,
    "lat": 2,
    "label": "КОС",
    "name_ru": "Костромская обл.",
    "county_ru": "Центральный"
  },
  {
    "id": "KDA",
    "code": 23,
    "lon": 3,
    "lat": 8,
    "label": "КР.К.",
    "name_ru": "Краснодарский край",
    "county_ru": "Южный"
  },
  {
    "id": "KYA",
    "code": 24,
    "lon": 13,
    "lat": 3,
    "label": "КРА",
    "name_ru": "Красноярский край",
    "county_ru": "Сибирский"
  },
  {
    "id": "CR",
    "code": 82,
    "lon": 1,
    "lat": 9,
    "label": "КРМ",
    "name_ru": "Крым",
    "county_ru": "Южный"
  },
  {
    "id": "KGN",
    "code": 45,
    "lon": 10,
    "lat": 6,
    "label": "КРГ",
    "name_ru": "Курганская обл.",
    "county_ru": "Уральский"
  },
  {
    "id": "KRS",
    "code": 46,
    "lon": 2,
    "lat": 5,
    "label": "КУР",
    "name_ru": "Курская обл.",
    "county_ru": "Центральный"
  },
  {
    "id": "LEN",
    "code": 47,
    "lon": 4,
    "lat": 1,
    "label": "Л.О.",
    "name_ru": "Ленинградская обл.",
    "county_ru": "Северо-Западный"
  },
  {
    "id": "LIP",
    "code": 48,
    "lon": 4,
    "lat": 5,
    "label": "ЛИП",
    "name_ru": "Липецкая обл.",
    "county_ru": "Центральный"
  },
  {
    "id": "MAG",
    "code": 49,
    "lon": 15,
    "lat": 3,
    "label": "МАГ",
    "name_ru": "Магаданская обл.",
    "county_ru": "Дальневосточный"
  },
  {
    "id": "ME",
    "code": 12,
    "lon": 7,
    "lat": 3,
    "label": "М-Э",
    "name_ru": "Марий Эл",
    "county_ru": "Приволжский"
  },
  {
    "id": "MO",
    "code": 13,
    "lon": 6,
    "lat": 5,
    "label": "МРД",
    "name_ru": "Мордовия",
    "county_ru": "Приволжский"
  },
  {
    "id": "MOW",
    "code": 77,
    "lon": 4,
    "lat": 3,
    "label": "МСК",
    "name_ru": "Москва",
    "county_ru": "Центральный"
  },
  {
    "id": "MOS",
    "code": 50,
    "lon": 5,
    "lat": 3,
    "label": "М.О.",
    "name_ru": "Московская обл.",
    "county_ru": "Центральный"
  },
  {
    "id": "MUR",
    "code": 51,
    "lon": 6,
    "lat": 0,
    "label": "МУР",
    "name_ru": "Мурманская обл.",
    "county_ru": "Северо-Западный"
  },
  {
    "id": "NEN",
    "code": 83,
    "lon": 9,
    "lat": 1,
    "label": "НАО",
    "name_ru": "Ненецкий АО",
    "county_ru": "Северо-Западный"
  },
  {
    "id": "NIZ",
    "code": 52,
    "lon": 6,
    "lat": 4,
    "label": "НИЖ",
    "name_ru": "Нижегородская обл.",
    "county_ru": "Приволжский"
  },
  {
    "id": "NGR",
    "code": 53,
    "lon": 3,
    "lat": 2,
    "label": "НОВ",
    "name_ru": "Новгородская обл.",
    "county_ru": "Северо-Западный"
  },
  {
    "id": "NVS",
    "code": 54,
    "lon": 11,
    "lat": 4,
    "label": "НВС",
    "name_ru": "Новосибирская обл.",
    "county_ru": "Сибирский"
  },
  {
    "id": "OMS",
    "code": 55,
    "lon": 11,
    "lat": 3,
    "label": "ОМС",
    "name_ru": "Омская обл.",
    "county_ru": "Сибирский"
  },
  {
    "id": "ORE",
    "code": 56,
    "lon": 9,
    "lat": 5,
    "label": "ОРН",
    "name_ru": "Оренбургская обл.",
    "county_ru": "Приволжский"
  },
  {
    "id": "ORL",
    "code": 57,
    "lon": 3,
    "lat": 5,
    "label": "ОРЛ",
    "name_ru": "Орловская обл.",
    "county_ru": "Центральный"
  },
  {
    "id": "PNZ",
    "code": 58,
    "lon": 6,
    "lat": 6,
    "label": "ПЕН",
    "name_ru": "Пензенская обл.",
    "county_ru": "Приволжский"
  },
  {
    "id": "PER",
    "code": 59,
    "lon": 9,
    "lat": 3,
    "label": "ПРМ",
    "name_ru": "Пермский край",
    "county_ru": "Приволжский"
  },
  {
    "id": "PRI",
    "code": 25,
    "lon": 16,
    "lat": 6,
    "label": "ПР.К.",
    "name_ru": "Приморский край",
    "county_ru": "Дальневосточный"
  },
  {
    "id": "PSK",
    "code": 60,
    "lon": 2,
    "lat": 2,
    "label": "ПСК",
    "name_ru": "Псковская обл.",
    "county_ru": "Северо-Западный"
  },
  {
    "id": "ROS",
    "code": 61,
    "lon": 4,
    "lat": 7,
    "label": "РОС",
    "name_ru": "Ростовская обл.",
    "county_ru": "Южный"
  },
  {
    "id": "RYA",
    "code": 62,
    "lon": 5,
    "lat": 4,
    "label": "РЯЗ",
    "name_ru": "Рязанская обл.",
    "county_ru": "Центральный"
  },
  {
    "id": "SAM",
    "code": 63,
    "lon": 8,
    "lat": 5,
    "label": "САМ",
    "name_ru": "Самарская обл.",
    "county_ru": "Приволжский"
  },
  {
    "id": "SPE",
    "code": 78,
    "lon": 3,
    "lat": 1,
    "label": "СПБ",
    "name_ru": "Санкт-Петербург",
    "county_ru": "Северо-Западный"
  },
  {
    "id": "SAR",
    "code": 64,
    "lon": 7,
    "lat": 6,
    "label": "САР",
    "name_ru": "Саратовская обл.",
    "county_ru": "Приволжский"
  },
  {
    "id": "SA",
    "code": 14,
    "lon": 14,
    "lat": 3,
    "label": "ЯКУ",
    "name_ru": "Саха (Якутия)",
    "county_ru": "Дальневосточный"
  },
  {
    "id": "SAK",
    "code": 65,
    "lon": 16,
    "lat": 5,
    "label": "САХ",
    "name_ru": "Сахалинская обл.",
    "county_ru": "Дальневосточный"
  },
  {
    "id": "SVE",
    "code": 66,
    "lon": 10,
    "lat": 4,
    "label": "СВЕ",
    "name_ru": "Свердловская обл.",
    "county_ru": "Уральский"
  },
  {
    "id": "SEV",
    "code": 92,
    "lon": 0,
    "lat": 9,
    "label": "СЕВ",
    "name_ru": "Севастополь",
    "county_ru": "Южный"
  },
  {
    "id": "SE",
    "code": 15,
    "lon": 5,
    "lat": 9,
    "label": "ОСЕ",
    "name_ru": "Северная Осетия",
    "county_ru": "Северо-Кавказский"
  },
  {
    "id": "SMO",
    "code": 67,
    "lon": 3,
    "lat": 3,
    "label": "СМО",
    "name_ru": "Смоленская обл.",
    "county_ru": "Центральный"
  },
  {
    "id": "STA",
    "code": 26,
    "lon": 4,
    "lat": 8,
    "label": "СТ.К.",
    "name_ru": "Ставропольский край",
    "county_ru": "Северо-Кавказский"
  },
  {
    "id": "TAM",
    "code": 68,
    "lon": 5,
    "lat": 5,
    "label": "ТАМ",
    "name_ru": "Тамбовская обл.",
    "county_ru": "Центральный"
  },
  {
    "id": "TT",
    "code": 16,
    "lon": 8,
    "lat": 4,
    "label": "ТАТ",
    "name_ru": "Татарстан",
    "county_ru": "Приволжский"
  },
  {
    "id": "TVE",
    "code": 69,
    "lon": 4,
    "lat": 2,
    "label": "ТВЕ",
    "name_ru": "Тверская обл.",
    "county_ru": "Центральный"
  },
  {
    "id": "TOM",
    "code": 70,
    "lon": 12,
    "lat": 3,
    "label": "ТОМ",
    "name_ru": "Томская обл.",
    "county_ru": "Сибирский"
  },
  {
    "id": "TUL",
    "code": 71,
    "lon": 4,
    "lat": 4,
    "label": "ТУЛ",
    "name_ru": "Тульская обл.",
    "county_ru": "Центральный"
  },
  {
    "id": "TY",
    "code": 17,
    "lon": 13,
    "lat": 6,
    "label": "ТЫВ",
    "name_ru": "Тыва",
    "county_ru": "Сибирский"
  },
  {
    "id": "TYU",
    "code": 72,
    "lon": 10,
    "lat": 5,
    "label": "ТЮМ",
    "name_ru": "Тюменская обл.",
    "county_ru": "Уральский"
  },
  {
    "id": "UD",
    "code": 18,
    "lon": 8,
    "lat": 3,
    "label": "УДМ",
    "name_ru": "Удмуртия",
    "county_ru": "Приволжский"
  },
  {
    "id": "ULY",
    "code": 73,
    "lon": 7,
    "lat": 5,
    "label": "УЛН",
    "name_ru": "Ульяновская обл.",
    "county_ru": "Приволжский"
  },
  {
    "id": "KHA",
    "code": 27,
    "lon": 15,
    "lat": 4,
    "label": "ХАБ",
    "name_ru": "Хабаровский край",
    "county_ru": "Дальневосточный"
  },
  {
    "id": "KK",
    "code": 19,
    "lon": 12,
    "lat": 5,
    "label": "ХАК",
    "name_ru": "Хакасия",
    "county_ru": "Сибирский"
  },
  {
    "id": "KHM",
    "code": 86,
    "lon": 10,
    "lat": 3,
    "label": "Х-М",
    "name_ru": "ХМАО – Югра",
    "county_ru": "Уральский"
  },
  {
    "id": "CHE",
    "code": 74,
    "lon": 9,
    "lat": 6,
    "label": "ЧЕЛ",
    "name_ru": "Челябинская обл.",
    "county_ru": "Уральский"
  },
  {
    "id": "CE",
    "code": 95,
    "lon": 6,
    "lat": 9,
    "label": "ЧЕЧ",
    "name_ru": "Чечня",
    "county_ru": "Северо-Кавказский"
  },
  {
    "id": "CU",
    "code": 21,
    "lon": 7,
    "lat": 4,
    "label": "ЧУВ",
    "name_ru": "Чувашия",
    "county_ru": "Приволжский"
  },
  {
    "id": "CHU",
    "code": 87,
    "lon": 15,
    "lat": 2,
    "label": "ЧУК",
    "name_ru": "Чукотский АО",
    "county_ru": "Дальневосточный"
  },
  {
    "id": "YAN",
    "code": 89,
    "lon": 10,
    "lat": 2,
    "label": "Я-Н",
    "name_ru": "Ямало-Ненецкий АО",
    "county_ru": "Уральский"
  },
  {
    "id": "YAR",
    "code": 76,
    "lon": 5,
    "lat": 2,
    "label": "ЯРО",
    "name_ru": "Ярославская обл.",
    "county_ru": "Центральный"
  }
]